{
    "normals":[0,0,1,0,0,-1,1e-06,-1,-2e-06,1,1e-06,-0,-1e-06,1,2e-06,-1,-1e-06,-2e-06,-1e-06,1,2e-06,-0,1,2e-06,1e-06,-1,2e-06,0,-1,0,-0,0,-1,-0,0,-1,-0,0,1,-0,0,1,0,-0,1,-0,0,1,-0,-0,1,-0,0,1,0,-0,-1,-0,-0,-1,-0,-0,-1,-1,-1e-06,-3e-06,-1,-0,-3e-06,1,1e-06,3e-06,1,0,1e-06,0,-0,-1,0,-0,-1,0,-0,1,0,0,1,0,-1,-0,-1e-06,1,-0,1,0,-0,-1,-1e-06,-0],
    "uvs":[[0.181262,0.205497,0.181262,0.152405,0.131927,0.152405,0.131927,0.205497,0.181262,0.205496,0.131927,0.205497,0.131927,0.152405,0.181261,0.152405,0.902061,0.205496,0.902061,0.205496,0.902061,0.152405,0.902061,0.152405,0.131927,0.869448,0.131927,0.869448,0.131927,0.922539,0.131927,0.922539,0.181262,0.922539,0.181262,0.922539,0.902061,0.922539,0.902062,0.922539,0.902061,0.869447,0.902061,0.869448,0.181262,0.869448,0.181262,0.869448,0.852727,0.205497,0.852727,0.869448,0.852727,0.922539,0.852727,0.869447,0.852726,0.205496,0.852727,0.922539,0.852726,0.152405,0.852727,0.152405]],
    "vertices":[-60,-60,5.295,60,-60,5.295,60,60,5.295,-60,59.9999,5.295,-59.9999,-60,-5.295,60,-59.9999,-5.295,59.9999,60,-5.295,-60,60,-5.295,-51.7274,-60,5.295,51.7274,-60,5.295,51.7274,60,5.295,-51.7275,60,5.295,-51.7273,-60,-5.295,51.7275,-60,-5.295,51.7274,60,-5.295,-51.7274,60,-5.295,-60,-52.3128,5.295,-60,52.3127,5.295,60,-52.3128,5.295,60,52.3128,5.295,-59.9999,-52.3128,-5.295,-60,52.3127,-5.295,60,-52.3127,-5.295,60,52.3129,-5.295,-51.7274,52.3128,-5.295,-51.7274,-52.3128,-5.295,51.7274,52.3128,-5.295,51.7275,-52.3127,-5.295,-51.7274,-52.3128,5.295,-51.7275,52.3128,5.295,51.7274,-52.3128,5.295,51.7274,52.3128,5.295,51.7275,-52.3127,10.0168,51.7274,52.3128,10.0168,-51.7274,52.3128,10.0168,-51.7274,-52.3128,10.0168],
    "metadata":{
        "generator":"io_three",
        "version":3,
        "normals":33,
        "uvs":1,
        "type":"Geometry",
        "faces":33,
        "vertices":36
    },
    "faces":[41,31,19,2,10,0,1,2,3,0,0,0,0,41,26,14,6,23,4,5,6,7,1,1,1,1,41,9,13,5,1,8,9,10,11,2,2,2,2,41,19,23,6,2,1,7,6,2,3,3,3,3,41,11,15,7,3,12,13,14,15,4,4,4,4,41,21,17,3,7,16,17,15,14,5,5,5,5,41,2,6,14,10,2,6,5,3,6,6,6,6,41,10,14,15,11,3,5,13,12,7,7,7,7,41,0,4,12,8,18,19,20,21,8,8,8,8,41,8,12,13,9,21,20,9,8,9,9,9,9,41,21,7,15,24,16,14,13,22,10,10,10,10,41,24,15,14,26,22,13,5,4,11,11,11,11,41,17,29,11,3,17,23,12,15,12,12,12,12,41,29,31,10,11,23,0,3,12,13,13,13,13,41,8,9,30,28,21,8,24,25,14,14,14,14,41,28,30,31,29,25,24,0,23,15,15,15,15,41,0,8,28,16,18,21,25,26,16,16,16,16,41,16,28,29,17,26,25,23,17,17,17,17,17,41,12,25,27,13,20,27,28,9,18,18,18,18,41,4,20,25,12,19,29,27,20,19,19,19,19,41,20,21,24,25,29,16,22,27,20,20,20,20,41,4,0,16,20,19,18,26,29,21,21,21,21,41,20,16,17,21,29,26,17,16,22,22,22,22,41,1,5,22,18,11,10,30,31,23,23,23,23,41,18,22,23,19,31,30,7,1,24,24,24,24,41,13,27,22,5,9,28,30,10,25,25,25,25,41,27,26,23,22,28,4,7,30,26,26,26,26,41,9,1,18,30,8,11,31,24,27,27,27,27,41,30,18,19,31,24,31,1,0,28,28,28,28,41,24,26,33,34,22,4,4,22,29,29,29,29,41,27,25,35,32,28,27,27,28,30,30,30,30,41,25,24,34,35,27,22,22,27,31,31,31,31,41,26,27,32,33,4,28,28,4,32,32,32,32],
    "name":"CubeGeometry"
}