{
    "name":"CubeGeometry.1",
    "metadata":{
        "generator":"io_three",
        "version":3,
        "normals":6,
        "type":"Geometry",
        "faces":6,
        "vertices":8
    },
    "faces":[33,0,1,2,3,0,0,0,0,33,4,7,6,5,1,1,1,1,33,0,4,5,1,2,2,2,2,33,1,5,6,2,3,3,3,3,33,2,6,7,3,4,4,4,4,33,4,0,3,7,5,5,5,5],
    "normals":[-0,0,1,0,-0.657548,-0.753413,1,0,0,-0,1,0,-1,-0,0,0,-0.74593,-0.666025],
    "vertices":[1,-1,1,1,1,1,-1,1,1,-1,-1,1,1,0.029398,-0.152898,0.999999,1,-1,-1,1,-1,-1,0.029398,-0.152898]
}